timestep,avg_ep_rew
3582.0,-97.61229945030105
6926.0,-94.60837115008974
10126.0,-102.01220611729846
13529.0,-100.05319093227047
17012.0,-103.9870384590238
20455.0,-105.87671690174457
23738.0,-93.34936955517158
25865.0,-105.15050573253473
29343.0,-104.64356116805772
32543.0,-92.27253288937717
36041.0,-96.48007831006714
38113.0,-98.28730873742713
41658.0,-104.02451025890264
44858.0,-94.90063350579236
46913.0,-110.24371803676148
50113.0,-84.03756867179054
53519.0,-103.48635521257071
56783.0,-93.80622787885854
60189.0,-97.47635544820086
63684.0,-102.36001038749627
65792.0,-103.76899139595939
67860.0,-106.04422976221386
71162.0,-100.31797764219979
74700.0,-101.750866892757
77900.0,-107.47815790554718
79974.0,-101.81844002189328
83249.0,-92.21306625415684
85314.0,-97.56583583869369
87370.0,-105.20621814385025
90570.0,-80.33469671775059
93770.0,-87.82951885884364
96970.0,-85.85928900364897
100296.0,-82.00316650151917
103496.0,-75.14389697880888
106938.0,-96.6837626471145
110334.0,-96.14725074568967
113662.0,-97.34500265810041
116862.0,-78.73744072055196
120062.0,-73.13469416355775
123330.0,-87.10803224386318
126530.0,-74.9772126374375
129796.0,-88.48412159060831
132996.0,-81.72226276388486
136196.0,-78.975374744053
139396.0,-82.14343414389901
142596.0,-81.25492421448914
145796.0,-80.92098502897937
148996.0,-74.45713638898141
152196.0,-77.68641530390022
155396.0,-73.44369961980715
158596.0,-73.1347403453632
161796.0,-62.982535772200066
165145.0,-82.89763250329904
168345.0,-60.305666423476
171545.0,-67.57989883031618
174745.0,-62.433178244755915
177945.0,-64.88252783693125
181145.0,-68.502711863709
184345.0,-66.61461176792517
187545.0,-70.19462204762347
190745.0,-62.40701028345852
193945.0,-58.49650984695306
197287.0,-81.48143604753045
200487.0,-58.313442832956405
203739.0,-73.79355874353068
206939.0,-67.18898547977798
210202.0,-81.84685875077923
213402.0,-65.31741003872578
216602.0,-68.8381422935389
219802.0,-55.641837998135955
223002.0,-66.81646176940731
226262.0,-74.7530944196344
229605.0,-83.24488959026957
232805.0,-66.287649007389
236005.0,-59.89210860691468
239205.0,-66.73361646071015
242405.0,-61.70493499454359
245605.0,-65.54905582603595
248805.0,-63.33420594422986
252005.0,-68.46530121655297
255205.0,-58.73229710451048
258405.0,-57.406759745715505
261471.0,-107.94197964067756
264913.0,-120.72157580467086
267130.0,-101.69055191306138
270330.0,-77.15748028768817
273619.0,-91.16270236617845
276819.0,-79.49646704755631
279051.0,-102.06403536959898
282251.0,-82.2306084312483
284871.0,-103.87478181948948
288205.0,-79.4552492155296
291385.0,-139.41075163848262
294585.0,-53.77228721605832
298194.0,-65.63676777843902
301394.0,-51.23208615161603
303989.0,-90.83205218476594
307189.0,-57.11572621738539
310389.0,-62.418524632995336
313589.0,-62.43231194403488
316789.0,-57.900549902798915
320050.0,-73.66380196414246
323250.0,-63.9050763007026
326450.0,-59.035721358716486
329925.0,-77.5468197273995
333125.0,-63.705774267190755
336410.0,-76.60852939262355
339610.0,-66.88761465193299
342810.0,-69.38383671181882
346010.0,-61.17040581152122
349210.0,-61.66271963019095
352410.0,-54.95756921354216
355610.0,-61.4174563759629
358810.0,-59.54906610661715
362010.0,-61.45846643230381
365210.0,-59.36605619547144
368410.0,-51.86193555390959
371610.0,-61.55353473358974
374810.0,-63.6182197749891
378010.0,-60.347029934413726
381210.0,-54.14719845550461
384410.0,-51.23206409884337
387610.0,-55.92388987777025
390810.0,-55.79443367872419
394010.0,-46.07783432415097
397210.0,-51.737699185958675
400486.0,-73.33807823173805
403686.0,-53.97637162499441
406886.0,-49.40137599447408
410086.0,-57.825500359511
413286.0,-50.04314448457894
416486.0,-46.688322302831494
419686.0,-48.36237748074563
422886.0,-52.90997394458547
426086.0,-55.366120460104504
429286.0,-51.98286099153896
432486.0,-49.367788292764374
435686.0,-48.503591302597584
438886.0,-52.833039603853294
442086.0,-45.960059112803705
445286.0,-52.57747528418774
448486.0,-44.7428353959686
451686.0,-32.90615548388823
454936.0,-61.896070898497065
458136.0,-40.558627467006445
461336.0,-44.46020514317044
464536.0,-48.942619038964
467736.0,-41.36411370524422
470936.0,-31.317690769057723
474136.0,-34.41915229989961
477336.0,-44.16989434176311
480536.0,-49.681672862039264
483736.0,-32.81789941631428
486995.0,-58.8896812084845
490195.0,-36.5108520183214
493395.0,-41.10344040265308
496595.0,-33.37756757657665
499795.0,-31.54157828985744
502995.0,-28.236687765797296
506195.0,-35.33253558834673
509395.0,-23.52866136105545
512595.0,-25.459656487006384
515795.0,-23.207807788070607
518995.0,-16.318363848852613
522195.0,-10.950819433084376
525395.0,-18.515761583209972
528595.0,-21.86511706208718
531795.0,-20.91771206835533
534995.0,-16.9988438489434
538195.0,-23.500504431483957
541461.0,-59.53495378937614
544661.0,-23.702837373822618
547861.0,-18.886805522538722
551061.0,-24.660288049852014
554350.0,-51.83257897486414
557550.0,-12.792617229922364
560750.0,-16.635454056730495
563950.0,-19.709797178464868
567150.0,-1.4362522927488541
570399.0,-37.133657328241405
573599.0,-12.000923260843688
576799.0,-12.110532974676548
579999.0,-1.0165113337803644
583199.0,-6.636986879314606
586399.0,4.39067403527412
589599.0,-2.7532009101780233
592799.0,5.429586520729275
595999.0,15.37966594450051
599199.0,14.212740696916352
602399.0,24.50627757008342
605599.0,14.592061769286023
608851.0,-24.78290034189924
612051.0,15.452976883088857
615251.0,14.98516466245272
618451.0,20.430848161223036
621582.0,-45.15616122886953
624751.0,-49.45050646037361
627951.0,39.41143768401691
630770.0,-26.493633118226654
633937.0,-1.0120603938757817
637137.0,37.597872457742994
640337.0,48.340079722259816
643537.0,49.85586696659277
646737.0,54.551013631114415
649937.0,52.14161650865617
653137.0,67.26064254107372
655347.0,-7.073452935467632
658682.0,-63.59894701912201
661238.0,-19.085852695552642
664438.0,51.58223385725511
667638.0,41.58678255313727
670838.0,50.83931976772689
674038.0,56.46880566652802
677238.0,52.584159760638144
680438.0,56.06253888708384
683541.0,-4.07924665239608
686741.0,53.80589146059566
689941.0,46.74652080633305
693141.0,63.23853015387182
695879.0,3.3390095224538676
699079.0,67.46030389883244
702279.0,78.82831586656968
705437.0,38.99593092141518
708637.0,86.2616029083527
710797.0,-3.356486889764348
714412.0,-2.4390135557858437
716638.0,13.185384648204469
719697.0,-22.54024859199031
722897.0,84.74925204239318
726097.0,95.79762819984663
728689.0,20.691008359874594
731889.0,61.87555476155474
734442.0,-2.0962667599143643
737642.0,71.8389580179018
740842.0,76.12233204909475
744042.0,58.06760594891136
747242.0,94.41567366734589
750442.0,102.10559123941013
753345.0,24.338382759027184
755457.0,-32.71151621046414
757526.0,-15.205746208041276
760256.0,-10.592510688067108
763783.0,29.97727127667081
766970.0,43.54865551649654
770170.0,84.76814887912609
773370.0,86.34506031940008
776570.0,96.25745965272715
779770.0,103.53338927602672
782970.0,91.1015508431637
785983.0,25.901444777896945
789183.0,113.42416803933493
792718.0,36.01326010746126
795918.0,110.33546947821415
799118.0,100.63942273697178
802685.0,57.035151683544335
804919.0,11.934605680332822
808119.0,97.07990712839023
811319.0,112.61383571106566
814519.0,121.31410015635767
817719.0,119.88128174579732
820033.0,40.58720404428911
823233.0,118.75491799102473
826480.0,44.51428281515317
829680.0,134.7672433148669
832880.0,97.72823638078074
835594.0,69.52197441502445
838794.0,115.0979808336754
841138.0,-44.31105842609994
844338.0,117.33033333923234
847613.0,41.184973264813216
851086.0,36.518897326826014
854286.0,122.32625653938157
857486.0,112.52405523891281
860686.0,114.0984227618184
862797.0,-27.07603192602906
865757.0,47.88206418990624
868957.0,100.84254249190073
872157.0,100.81516765688762
875357.0,120.26339027825304
878557.0,129.03790370434461
881122.0,38.27242564421084
883826.0,58.65664783239302
887026.0,120.30364109153794
890226.0,113.22542855015986
893426.0,117.43252177950583
896769.0,64.05494337478278
899969.0,135.9160615356853
903169.0,133.16523499826434
905248.0,-47.35360236797979
908698.0,-11.399218366211752
911898.0,146.4148479736441
915098.0,134.0813702505656
917867.0,57.51215226787081
921067.0,153.05117449295363
924267.0,134.22191436866515
926643.0,55.84539039886367
928772.0,-7.498227916191884
931972.0,149.57900856992137
934882.0,63.631391083355375
938082.0,129.3090186749265
941282.0,124.5962568905276
944482.0,134.70625919103497
947682.0,133.25245848938667
950882.0,120.69736436415496
954082.0,128.42859816474032
956848.0,57.04728259324065
960048.0,115.33169490893775
962614.0,2.6922898120494985
965814.0,125.3512124839422
969014.0,141.09898816722136
972214.0,150.1105176514716
975414.0,138.306521951378
978614.0,141.4400794952769
981814.0,147.13700277182022
985014.0,125.7430700167011
988214.0,129.7685092916209
991414.0,129.05231846047906
994614.0,150.43028735979584
997814.0,131.87268840119148
1000123.0,52.176919339455665
1003323.0,139.98413546963718
1006523.0,146.45891690137114
1009723.0,140.29203624672752
1012923.0,136.30284787069326
1016123.0,157.8487954569133
1019323.0,153.52134264613406
1022706.0,77.59494633392761
1024894.0,50.22379377976525
1027028.0,33.392222129600135
1030228.0,138.26946506540756
1033428.0,131.66447138582168
1036628.0,144.11798724179
1039828.0,137.28796495417566
1043028.0,144.1539171007921
1046082.0,93.53738138513513
1049282.0,137.90218898200334
1051661.0,57.29600388632528
1054861.0,139.10674020915354
1058061.0,162.11593262141662
1061261.0,161.03463289377123
1064090.0,50.558590917388926
1066858.0,-16.448087907828704
1070058.0,156.8813172270162
1073626.0,-0.9727715116258224
1076826.0,162.67654792990254
1080026.0,162.48600437077974
1082823.0,40.050362501988445
1085103.0,52.299220887723365
1088172.0,104.78873147914123
1091372.0,153.80137290168454
1094572.0,146.2883890011769
1097541.0,77.21986305246162
1100741.0,153.08041321474406
1103941.0,158.3504080612302
1107141.0,148.89393208835457
1110341.0,154.77911381920674
1113541.0,158.9588944708205
1116298.0,70.21006253403267
1119498.0,161.49226872030798
1122778.0,58.00031168286687
1125978.0,155.82017459050348
1129273.0,71.93473104021905
1132473.0,152.4623031051587
1135370.0,84.63941977572532
1138796.0,72.19621119920309
1141996.0,142.90341589056823
1145196.0,162.1951048380018
1148396.0,165.124166530014
1151596.0,164.44031398238425
1154796.0,147.1580571686804
1157996.0,169.2197810594231
1160059.0,54.80633331242107
1162974.0,88.96352796563008
1166174.0,155.77299273381044
1169244.0,100.54754400828448
1172444.0,141.20427842094776
1175389.0,95.68257455899827
1178589.0,135.05576460623337
1181474.0,82.65522762994591
1183819.0,57.62097480747692
1187019.0,158.92371316642777
1190219.0,160.58170512652146
1193419.0,159.76538540537067
1196619.0,148.64925400040605
1199819.0,153.25167011761383
1202472.0,76.84350228092134
1205672.0,154.4061261293894
1208979.0,70.34146049781803
1212179.0,156.00918707136157
1214668.0,5.680223107336396
1217868.0,158.1482153991802
1220397.0,-40.96355871225786
1223597.0,160.85272601050758
1227225.0,91.33849083996687
1230205.0,80.23263315887213
1233210.0,95.1126072079086
1236410.0,151.78187621164474
1238918.0,87.6225143022236
1241949.0,107.19386192884608
1244864.0,24.585073422060134
1247726.0,113.19756970159551
1249873.0,60.256835581306355
1253073.0,160.84741928900868
1256007.0,102.08065633146309
1258657.0,20.069915296503222
1260883.0,63.94467757458177
1264234.0,36.0861177136602
1267434.0,163.65703556207197
1270634.0,164.8376180813983
1273834.0,155.70676654134382
1277034.0,161.64571114564686
1280234.0,161.50091317058386
1283434.0,166.38225476801148
1286634.0,170.78218755175357
1289834.0,157.90152169180908
1292890.0,36.91708432611035
1296090.0,161.96104886142842
1299290.0,162.10267307077348
1302344.0,100.3533451048679
1305544.0,148.95004785162737
1308744.0,164.02621835593072
1311007.0,61.20659971974977
1313703.0,70.11352739715576
1316903.0,159.8590130201094
1320235.0,71.61953451494146
1323435.0,146.62209126773848
1326635.0,160.79786048685602
1329025.0,67.49758923044644
1332225.0,145.47660530776542
1335425.0,157.22386497946113
1338625.0,142.844100114868
1341825.0,156.2036065467239
1344392.0,61.93091241164038
1347524.0,89.80522395510444
1350724.0,141.76461685275473
1353924.0,146.1183602919625
1357124.0,159.61086699154072
1360324.0,159.83016366386724
1363524.0,168.14055840667893
1366724.0,171.75472161670803
1369764.0,104.00758939069195
1372964.0,160.67435090404376
1376164.0,151.64295909579374
1379364.0,167.22190149446823
1382564.0,165.0922791634751
1384839.0,55.51019166047249
1388039.0,169.82696292726013
1391239.0,168.07368624554326
1394439.0,175.8922599241078
1397986.0,78.82215372402014
1401186.0,175.8227888596893
1404386.0,178.09859405696795
1407425.0,68.99959661084287
1410704.0,72.47066236639104
1413904.0,179.33046695658348
1417104.0,176.48410796628735
1419507.0,94.31707072763795
1422624.0,-17.47493489689604
1425650.0,35.79505378214309
1428189.0,81.88819423375061
1431389.0,177.70215546812085
1433875.0,95.69399714137333
1436308.0,-19.830447204868214
1438431.0,-25.55932061468376
1441631.0,180.19781526128978
1444334.0,-11.597945973713735
1447534.0,174.82280816218628
1449868.0,77.2318320608353
1453068.0,193.8902675213444
1456268.0,174.07029273252002
1458333.0,51.4237557904149
1461517.0,122.06608739602531
1464717.0,177.48011379646977
1467917.0,183.83187973213813
1471006.0,26.824062966608334
1474206.0,176.7078837753416
1477406.0,164.0432122195043
1480606.0,187.4684093129992
1483806.0,170.7940372927496
1487006.0,161.14962558971158
1489909.0,118.45611655030055
1493109.0,184.60862213426486
1496309.0,188.80436063281724
1499101.0,-0.6575013916738849
1502735.0,91.41296855406358
1505935.0,182.88727133776803
1508921.0,35.18825975180126
1511092.0,-3.5125471991501462
1514292.0,150.89914681671078
1516978.0,80.88559894675171
1519596.0,96.00495280195506
1522796.0,194.16128345098647
1525494.0,106.36910227128833
1528694.0,181.02506501842444
1531894.0,197.99190547743063
1534566.0,0.426379071728834
1537766.0,183.6982596277008
1540966.0,171.2056566613211
1544166.0,179.69375698522725
1547366.0,183.26519114842358
1550566.0,178.00165462619157
1553146.0,107.51093312840409
1555272.0,12.91984541186566
1558132.0,107.30425989479696
1561332.0,188.6475187308636
1564021.0,107.85194045839364
1567196.0,127.69749438236309
1570509.0,96.81832624250008
1572838.0,82.5563765911792
1575996.0,114.58136125687759
1579196.0,188.36545158269814
1581791.0,79.49918763806109
1584991.0,178.76784454578626
1588630.0,94.73337026770245
1591830.0,185.37019481094492
1595030.0,182.14961082665218
1598230.0,180.47606413764692
1601121.0,124.57230608480022
1604443.0,57.19266270331686
1606941.0,90.03321364777847
1610141.0,187.08332801608367
1613341.0,176.19039548487245
1616541.0,189.29552676905752
1619741.0,188.46762139554164
1621915.0,17.071041559721344
1624181.0,50.296194428301725
1627381.0,176.22342982472725
1630581.0,192.12223209705698
1632886.0,66.25531869412615
1636086.0,170.7852328900409
1639286.0,174.71690618419646
1642486.0,193.46025167034844
1645686.0,191.14287900982018
1648886.0,192.5978996663953
1652086.0,186.27091823064825
1654515.0,28.68838300803924
1657715.0,187.43349465005502
1660880.0,131.17240001782125
1663596.0,112.02513499128786
1666796.0,187.31367630564233
1669112.0,94.07296481381417
1672312.0,176.40491127117258
1674657.0,73.24690053859352
1678226.0,108.6111955624237
1681426.0,205.3598416443001
1684626.0,203.99412363107876
1687952.0,97.56874614749393
1691152.0,208.7829275952028
1694352.0,194.29019476371877
1696902.0,98.58976710307286
1698969.0,67.7910549328057
1702169.0,208.46558491917978
1705369.0,213.3260593262454
1708569.0,204.22750236738287
1711769.0,216.02819985709834
1714969.0,225.54453901373034
1717555.0,124.2993012476771
1720733.0,219.2813911774034
1723933.0,220.4154244210304
1726437.0,107.18697864357877
1729984.0,35.651854056951436
1733184.0,205.91787112781032
1736384.0,220.73078538106165
1739689.0,93.60356644997394
1742889.0,218.45730304646443
1746311.0,68.62351223262853
1749169.0,0.40438334408339216
1751498.0,86.92074269341427
1754698.0,194.6394405131287
1757472.0,112.4849777880266
1760672.0,201.68880462272682
1763872.0,185.4647416385468
1767072.0,202.18235260097092
1770272.0,179.55400152630574
1772432.0,-9.023142428635717
1775632.0,194.93270954541242
1778832.0,213.31552867423585
1781053.0,21.21554121333899
1784253.0,212.55216129967815
1787453.0,197.52559048072123
1790128.0,124.139188442608
1793328.0,211.276043736595
1796528.0,215.09620310757867
1799728.0,200.45379617257694
1802928.0,204.47438042099924
1806128.0,202.64671084668547
1809328.0,211.99511267146465
1812528.0,199.68152057505864
1815257.0,121.61179271020148
1818457.0,212.36285229400946
1821657.0,215.61093229420203
1824910.0,-20.152756868038022
1828110.0,216.09998765251163
1831310.0,206.122744103233
1834510.0,212.9625216415571
1837140.0,116.73122409098657
1839849.0,-1.2653848601814133
1843044.0,210.9908556187522
1845613.0,114.14335387427141
1848786.0,229.5598993674318
1851986.0,217.79134857234416
1855260.0,115.70249901319893
1858595.0,123.69493265276587
1861177.0,96.7684309107211
1863330.0,20.826125391544554
1866709.0,93.49459630855604
1869909.0,223.29909997639402
1873109.0,212.02284646523154
1875302.0,98.76270967925217
1878070.0,57.96367517040627
1880685.0,130.30181666685823
1883884.0,220.3657949750032
1886161.0,105.37502227206528
1889492.0,97.32876787047957
1893059.0,111.4729692122932
1895837.0,31.328815594135865
1899037.0,211.26894250945332
1902237.0,222.74893202947328
1905689.0,123.80013935962108
1908925.0,81.22046317973378
1912125.0,207.3773863516813
1914586.0,56.17683235339447
1916915.0,117.19681633589508
1920115.0,204.2718829029426
1923261.0,220.51105306840407
1925594.0,50.42078177599018
1928525.0,153.36181741511632
1931725.0,200.57817201873206
1935193.0,120.18694058690221
1938393.0,210.5719424172354
1941002.0,45.15170693073173
1943627.0,136.42037124149826
1946827.0,208.85950997701596
1950262.0,118.02534219240256
1952859.0,128.05753163024625
1956197.0,97.43144812999084
1959397.0,210.67721195416274
1962377.0,149.75581419904
1965047.0,125.29441487742523
1968247.0,216.25536075419217
1971447.0,213.22047621269678
1974016.0,118.4398849859725
1976376.0,98.87063537040878
1979259.0,144.95229201510546
1982459.0,220.6331515003365
1985659.0,219.08484870232576
1989208.0,84.13782423778146
1992112.0,137.5620783962188
1995312.0,220.63903933225103
1998512.0,218.27245003485245
2001826.0,99.40816532713858
2005026.0,213.56951493772956
2008226.0,215.28708749542818
2011426.0,213.49532045500288
2014625.0,213.9411248348821
2017810.0,232.6905582229377
2021010.0,230.82346714707617
2024210.0,222.43338070887356
2027778.0,102.44172698345294
2031067.0,109.43407309456563
2034236.0,236.38373592546577
2037662.0,108.4554077824526
2040841.0,202.8468894869893
2044012.0,233.66157744588173
2046422.0,122.24287134856853
2049737.0,37.513834079770206
2051797.0,103.99170929863497
2054883.0,231.98094454994822
2057644.0,126.54675038851887
2060644.0,177.26410443374704
2063844.0,222.61664430239887
2066179.0,5.192704360151031
2069243.0,240.41865635189288
2072214.0,244.39456974632412
2075414.0,225.71946597666044
2078393.0,119.77255935769624
2080735.0,25.952562785703275
2083880.0,239.3699283281847
2086343.0,10.326870327219567
2089486.0,238.26617255636245
2091732.0,117.23854200981958
2095132.0,129.90309372483088
2098293.0,75.79423495297836
2100482.0,117.71853288023979
2103133.0,146.12008219748935
2106333.0,231.1899374357713
2109454.0,240.4266650436241
2112680.0,120.03571028286073
2115880.0,235.58749025610925
2118962.0,243.0866242000479
2122151.0,233.38868434739015
2125285.0,233.67372952535837
2127442.0,119.3696089133617
2129946.0,145.93618561133863
2132953.0,-37.081376451206296
2135075.0,118.20333019818116
2138100.0,242.55576503723051
2141685.0,152.47690626516976
2144074.0,57.44934920117112
2146173.0,-71.43810582763231
2149170.0,244.77270035241077
2152217.0,189.760193699186
2154459.0,-50.37662660606553
2157689.0,116.07972857707551
2160878.0,233.53778940756524
2164160.0,144.79488135573615
2167260.0,239.90230030816417
2170819.0,143.6830708916189
2173442.0,139.63759051048038
2176642.0,227.0119039168224
2180233.0,14.970493067075301
2182320.0,103.02461936258833
2185435.0,236.77259144999834
2188379.0,85.45678530685207
2191928.0,62.451229238867434
2195287.0,67.41877998104536
2198386.0,121.37832825907338
2200614.0,107.91516628724335
2203659.0,242.21792813655514
2206411.0,164.18668197477172
2209675.0,116.18591863170535
2212730.0,240.98194075879917
2215599.0,168.41840905019825
2218756.0,233.9770954690147
2221455.0,165.8690943528029
2224706.0,115.01376934472574
2227851.0,237.3456848433455
2230932.0,239.273482388587
2233015.0,-10.336576318083022
2236038.0,241.3323958210579
2238412.0,31.757158582741805
2241584.0,226.09848977195065
2244784.0,220.310348647212
2247892.0,230.5425051757752
2250161.0,-27.259283328462395
2253220.0,239.0633421212801
2256512.0,41.129553146106645
2259692.0,135.1002137809222
2262686.0,169.2396711411606
2265792.0,237.39223753576258
2268894.0,38.45864925521115
2272085.0,232.48067649211237
2274457.0,100.49373055397997
2276765.0,29.99685667593344
2279958.0,234.56749630336122
2282972.0,241.16561903751546
2285206.0,99.78556080171958
2288599.0,126.04475877729674
2291733.0,238.2596556482277
2294841.0,237.9087753420354
2297989.0,235.71517853323786
2300710.0,149.71195294970767
2303847.0,236.82350900216613
2306506.0,138.8605501894342
2309788.0,112.65102906124169
2312846.0,242.96684469746083
2316026.0,237.71909104456375
2319226.0,223.41929895261111
2321781.0,8.381701203839551
2324901.0,238.72975162699723
2328101.0,228.29037456411305
2331222.0,239.52779910547378
2334460.0,112.49564170687313
2337537.0,238.8146561873508
2340564.0,242.09200774760325
2343615.0,242.37141233061874
2346733.0,239.15360689630296
2348906.0,108.64447370946779
2351866.0,169.2561204796026
2355351.0,148.17801910436708
2358241.0,162.6301342990181
2361337.0,240.3546817216364
2364485.0,233.75132947943496
2367960.0,130.87348379283705
2371067.0,182.6127740098092
2374178.0,240.95209675039814
2376452.0,115.41531016044502
2378661.0,110.74853544199695
2381642.0,245.02892028394558
2384739.0,239.81283908799165
2387758.0,126.85301851370848
2390755.0,244.580934908065
2393830.0,241.5229347204318
2396342.0,54.18281434013073
2399207.0,252.30938067445217
2401880.0,50.37925370764979
2404049.0,-11.240515622678942
2406148.0,29.60353208678876
2408468.0,133.09860315069528
2411118.0,-8.220824678228984
2413425.0,41.155391428492024
2416904.0,134.37902798349822
2419926.0,244.88172666476072
2422985.0,242.45518552046855
2426017.0,126.10802508523022
2428308.0,97.46847909589343
2431332.0,177.52172974580336
2434377.0,242.72252611266913
2437716.0,91.30419490216507
2440997.0,120.61270810152193
2444136.0,239.17820549041
2447250.0,228.05227754112485
2450450.0,208.92011468424678
2454022.0,136.03582866251324
2457146.0,233.26378416371935
2460361.0,120.19909489146453
2463348.0,243.49827238920886
2466429.0,240.10913139665405
2469896.0,141.46557117374695
2472581.0,159.00532994331667
2475661.0,240.46020284863494
2478126.0,16.58875496970345
2480438.0,126.29972579818777
2483236.0,179.40942873707564
2485854.0,139.954497162614
2489277.0,74.8522271616173
2492477.0,222.9045361805791
2494702.0,119.32175196654596
2497576.0,188.09947086314668
2500690.0,237.92758168238242
2502767.0,117.28216732918096
2505127.0,128.8068135955594
2508197.0,239.72105205208806
2511282.0,123.78414639688715
2514409.0,237.48950660845605
2517571.0,238.62169331093875
2521038.0,143.34692596639363
2523699.0,167.35583211249076
2527000.0,61.71827863916039
2530272.0,114.73572367865738
2533472.0,213.7406020294682
2536637.0,239.01071204431003
2539837.0,209.15964406250276
2542011.0,92.70716749822846
2545156.0,233.61980162065197
2548402.0,115.96650010518863
2551573.0,229.1022072678478
2553915.0,106.82440484851381
2557074.0,237.61324934649218
2560137.0,243.6636162528057
2563299.0,239.10860970050155
2566283.0,246.57484253375168
2569298.0,245.54189850890322
2572250.0,246.52767929175803
2575213.0,245.1258795206432
2578151.0,247.8393410367711
2581229.0,243.53231460875116
2584773.0,73.29774192483613
2587651.0,251.07508116911475
2590504.0,80.23582577720634
2593457.0,246.51851645834932
2596448.0,247.01777694543387
2599403.0,126.24541491372015
2602475.0,242.05399252424576
2605421.0,123.76465100047653
2608433.0,128.86747126577916
2611421.0,139.441915926325
2614233.0,251.00153436234905
2617122.0,248.9205641645435
2619612.0,163.50899666978506
2622676.0,242.77799413393188
2625779.0,241.01686899557336
2628716.0,128.08294022988937
2631627.0,248.37549038528525
2634893.0,28.5443138629812
2637853.0,246.48846862196595
2640922.0,242.35853127401228
2643851.0,246.65362013176022
2646546.0,181.48464864958572
2649564.0,127.6282971179811
2652334.0,172.83589929269405
2655248.0,248.7022857313881
2658383.0,123.29606502564123
2661763.0,150.78730926984133
2664216.0,131.6950856124861
2667313.0,238.00611037658524
2670874.0,145.13513668061316
2673332.0,139.64685240865577
2675577.0,139.9569516979192
2678614.0,245.20188421600898
2681702.0,122.78721586967237
2684795.0,89.57350824606367
2687871.0,245.1867068986868
2690899.0,244.56897591554883
2693739.0,252.29819676401308
2696471.0,180.7477689481809
2699676.0,146.00318521892174
2702167.0,138.9384617806645
2705293.0,239.93767892503087
2708505.0,115.08949791325006
2711411.0,248.67518731025882
2714306.0,248.83900456004773
2717159.0,250.79906023551678
2720009.0,250.76826763446223
2722901.0,247.58715823660134
2725357.0,142.35891996907006
2728273.0,245.88466774058622
2731139.0,250.7495992435713
2733216.0,135.32209931885885
2735952.0,254.40213352410524
2738308.0,118.49932431375328
2741264.0,49.48386475553425
2743952.0,180.70891374354
2746999.0,227.98276331495057
2749672.0,256.1616578095347
2751831.0,47.187323033464246
2754703.0,248.11919955633425
2756947.0,145.1575180179349
2759823.0,247.2367027394908
2763029.0,146.71671290853328
2765879.0,249.65595779737828
2768744.0,247.2693898347594
2771797.0,239.1359544049231
2774790.0,243.0910841341285
2777658.0,245.90930110443287
2780636.0,243.61407984595246
2783783.0,236.6379088416413
2786540.0,251.2760654055938
2789428.0,128.37834092872484
2792288.0,246.8497316154524
2795266.0,242.3691555899245
2798125.0,247.5366893081631
2800839.0,253.71884654924025
2803455.0,180.26637397537348
2806082.0,255.52956370283658
2808171.0,71.72576213325654
2810842.0,253.9827089252973
2813723.0,92.26026279031917
2816673.0,244.2138741176848
2819217.0,36.21563677975782
2822323.0,162.7440637130036
2825075.0,250.08826297395984
2827892.0,247.1882670860399
2829967.0,124.21116101370721
2832789.0,246.58047652258472
2835547.0,250.58773820684385
2838871.0,24.01512954277098
2841650.0,247.88664497101647
2844257.0,88.89222422386166
2847226.0,126.22386920541275
2849974.0,249.9242894040048
2852676.0,132.67761462690325
2855362.0,132.53477558007629
2857668.0,148.30996939195256
2860109.0,161.30443937350032
2862772.0,253.15923084885003
2865446.0,250.5846673559908
2868098.0,252.23457199173694
2870755.0,251.32417262112753
2873434.0,251.83093426547975
2876076.0,252.95749401670227
2878802.0,249.6513796617379
2881597.0,247.86846705177985
2884176.0,252.8967214957438
2886854.0,130.49714039113144
2889414.0,257.16005510035995
2892249.0,147.56787350240245
2894840.0,255.6155627880503
2897799.0,84.22287259220703
2900768.0,161.5225434922737
2903035.0,161.6958025784058
2905566.0,257.6807061627097
2908107.0,256.17632740786917
2911364.0,179.26516577958458
2913630.0,174.47912100329
2915884.0,73.94638148465667
2917945.0,60.85170013753284
2920371.0,260.6955099282553
2923829.0,37.54864894406384
2926048.0,35.53710334909892
2928383.0,89.88402900841169
2930765.0,53.914737307506904
2932949.0,151.3760319011419
2935336.0,199.61750800104159
2937958.0,104.84545776433019
2940462.0,255.4940915904948
2942961.0,257.66863498106596
2945328.0,190.02975003937257
2948536.0,177.82358939852543
2950996.0,259.68051411840315
2953396.0,261.1109622864447
2956457.0,164.1680496060728
2958879.0,259.7595212668722
2961266.0,261.689869592824
2963755.0,257.5734124886362
2966546.0,45.45002278973502
2969089.0,255.19038226641248
2971686.0,133.33906048642027
2974230.0,256.66213460537944
2976694.0,257.9668172140385
2979276.0,254.10807489047198
2981871.0,252.42767123199903
2984437.0,255.18937493974215
2987506.0,167.97330931223743
2990087.0,253.0733689013406
2992587.0,37.170104055471235
2994992.0,41.266940458842235
2997365.0,181.29489744595963
2999890.0,257.19317080976685
3002499.0,252.74352083407496
3004940.0,260.56890282396256
3007488.0,255.86408649300625
3010011.0,256.1517762506976
3012553.0,256.3656876463176
3014673.0,60.89270584407716
3017113.0,259.47417073728576
3019544.0,260.46610864955926
3022029.0,257.5824435988245
3024427.0,191.4346785073755
3026861.0,183.5044827718362
3029402.0,255.8914822186722
3031918.0,258.60783363063257
3034387.0,260.69816998355554
3036888.0,257.27272144146605
3040033.0,169.25858362421846
3042521.0,258.65010786921926
3044963.0,71.55991134022445
3047576.0,254.68619663372476
3050483.0,152.60006649562155
3052980.0,191.05510781663375
3055576.0,255.0702827641548
3057760.0,152.32861913977843
3060648.0,144.68263018207122
3063181.0,258.5382913687058
3065812.0,253.583716660498
3068137.0,165.63949836346566
3070734.0,254.17450991017182
3072831.0,138.61003520147594
3075385.0,197.05481588945878
3077613.0,81.1582980006658
3079935.0,162.39608077001478
3082509.0,255.0703342752323
3085087.0,254.80060393007096
3088261.0,170.0753524117546
3090817.0,255.12204823280092
3093177.0,106.4528628523542
3095686.0,257.76530122682266
3098250.0,254.49998239555052
3101059.0,157.48750854395223
3103656.0,253.1928545370589
3106230.0,254.60875095393598
3108758.0,254.92554021956238
3110976.0,109.57789900638659
3113480.0,255.47615618730083
3116197.0,156.63501675488592
3119417.0,154.95730439815543
3121853.0,258.10351322929773
3124091.0,162.0971299165102
3126520.0,258.61406368340704
3128985.0,101.41352827268196
3131388.0,259.83759582431674
3134325.0,166.38843216022576
3137338.0,76.65319789973864
3140231.0,119.0580219019442
3142793.0,158.18544091819015
3145793.0,105.67527114075546
3148759.0,170.27409780122213
3151206.0,256.76736218798123
3153463.0,266.10029350781315
3155881.0,259.3914456845624
3158308.0,260.06842634604
3160692.0,261.20186289866854
3162967.0,200.24341412598295
3165473.0,256.09984942886183
3167813.0,261.90907754420675
3170244.0,107.38960741821035
3172549.0,262.11494542054703
3174727.0,188.29760732751367
3177685.0,171.42084604140018
3180241.0,98.4920525002296
3182822.0,102.14268010681512
3185212.0,261.10625213712285
3188147.0,90.03333404061073
3191142.0,178.7281931175521
3193574.0,259.796910546788
3195948.0,260.66879529942133
3198344.0,261.42454638642135
3200711.0,261.630044815146
3203511.0,150.6433980324177
3206482.0,180.76583308749892
3208950.0,136.82169036325686
3211396.0,257.91156439046773
3213719.0,264.04241793403617
3216013.0,177.75662668688125
3218377.0,261.7707875309434
3220803.0,259.9806218788801
3223153.0,261.30562274598793
3225272.0,163.26335362796357
3227454.0,187.46524767166403
3230432.0,88.09458693718894
3232831.0,259.35534556453456
3235240.0,259.077144720021
3237609.0,261.4028862761069
3240040.0,260.20665779983744
3242447.0,258.9955926545148
3244732.0,264.33345892249605
3247594.0,169.93970117845984
3249890.0,263.4156354977383
3252256.0,136.16194562697078
3254518.0,182.80685543106836
3257094.0,104.55102424098176
3259459.0,262.4206684125438
3261820.0,261.6211475310512
3264183.0,260.14425185956554
3266249.0,170.491599573465
3268533.0,263.5696358584637
3270778.0,264.7508596772151
3273746.0,108.80211189643043
3276136.0,98.80274811428161
3278883.0,173.88974835220472
3281248.0,260.8080253494558
3283518.0,195.09520981736262
3286407.0,183.44058830519202
3289448.0,203.7973119295585
3291593.0,184.55919588852237
3293732.0,175.7885802282697
3296898.0,1.6332705042082734
3299149.0,267.20761425328067
3301830.0,172.32227240745598
3304200.0,260.99972319353896
3306885.0,168.93801833505407
3309583.0,163.70326257163822
3311928.0,147.31630643846154
3314113.0,207.66138088866938
3316444.0,68.50464565600869
3318750.0,261.93150337553396
3321728.0,200.5242691946698
3324623.0,107.4550326848148
3326862.0,90.94330048446106
3329356.0,26.797998572777317
3331601.0,264.72297385661176
3334743.0,127.54452544879416
3336914.0,205.17443056364635
3339387.0,84.53111396344873
3341457.0,66.20984825523341
3343684.0,208.52925079516288
3345903.0,265.8506405999067
3348408.0,144.0314102077647
3351417.0,76.53401299707747
3353642.0,266.0563130303568
3355719.0,73.97077805652198
3358370.0,8.552551178915541
3361018.0,60.17357669316199
3363955.0,184.0370889573966
3366526.0,158.38557982521604
3368893.0,261.52578927883064
3371966.0,196.55570217318623
3374449.0,109.33720679638616
3376589.0,41.14055573579731
3378929.0,261.25359013478425
3381195.0,188.9864915244421
3383587.0,259.32514151536236
3386014.0,259.6346370898019
3388376.0,260.8106919136305
3390540.0,178.57754205266386
3392993.0,256.3590806060455
3395385.0,260.6420214509762
3397475.0,146.35904963633664
3399735.0,265.2497455454915
3402547.0,62.67080102296049
3405747.0,164.36512426330208
3408389.0,113.89480994405265
3410775.0,34.80542518665391
3413998.0,195.34941384914578
3416952.0,53.175110772266336
3419327.0,206.13500601865564
3421627.0,91.58105359670436
3424095.0,137.24136682480568
3426388.0,189.2004284274857
3429034.0,158.63626122196615
3431329.0,262.90300916428134
3434040.0,65.83643735759301
3436353.0,194.4392605935875
3438856.0,75.36756801344112
3441713.0,76.27808631920269
3443821.0,188.39209798401902
3446144.0,262.5599709920234
3448447.0,260.8516526951429
3450792.0,143.24986251615877
3453284.0,102.65416147058806
3456171.0,171.89218235010466
3458557.0,138.61755427823377
3460878.0,261.35225040808007
3463133.0,264.3536529660451
3465645.0,137.8702125480146
3467917.0,140.60521694609542
3470199.0,264.055424246426
3472260.0,169.70519376463994
3474807.0,151.37871332668945
3477178.0,258.1555523235173
3479452.0,264.2800604420469
3481778.0,192.42603871685236
3484189.0,258.48095575834805
3486730.0,102.29431796704625
3489079.0,201.54722974711186
3491377.0,263.82540843681306
3493904.0,136.68043121916799
3496142.0,265.5578355417836
3498501.0,262.2566061913619
3501440.0,104.18848442181061
3504639.0,120.49763812560073
3506997.0,262.188320190435
3509720.0,163.64718948186206
3512095.0,204.9211671657714
3514761.0,58.875914265640375
3517523.0,163.33808798186064
3519852.0,261.96834804294724
3522093.0,200.34854151819673
3524596.0,98.5533482215094
3527213.0,119.0144353538414
3529524.0,260.1370889981109
3532302.0,63.24228722217475
3534737.0,98.22126883237394
3537365.0,249.3280643750025
3539721.0,260.76929834409054
3541973.0,265.57496205925315
3544467.0,136.82251163219576
3546815.0,262.86785821507806
3549141.0,263.42265336260937
3551469.0,262.9598498638219
3553721.0,-2.9260653925055387
3556113.0,261.10356520974756
3558278.0,168.05352722608887
3561263.0,50.59797122902778
3564248.0,186.09327188354416
3567270.0,168.52277642985885
3569770.0,257.0405730731543
3571929.0,71.11432189001039
3574928.0,174.08772593829883
3577572.0,250.70419222617363
3580048.0,258.60914891178686
3582582.0,194.55280453009652
3584951.0,262.9608620059655
3587387.0,259.550237303607
3589875.0,258.2982499929387
3592032.0,161.73856098194048
3595194.0,83.7204236339006
3597674.0,259.0769074692102
3600081.0,262.27925190134374
3602458.0,262.3868535308925
3605538.0,184.84987580270294
3608160.0,253.15772997324245
3610485.0,264.10698255406464
3612989.0,256.8072291214798
3615565.0,255.73186621529857
3617903.0,263.07768998716926
3620023.0,175.72594667231317
3622387.0,261.7827901177372
3624595.0,23.573497359361177
3626734.0,78.25929855134419
3629456.0,151.96364253784733
3631788.0,113.78943005089803
3633956.0,181.58606305971426
3636751.0,149.1310255419593
3639274.0,179.01168457458104
3641795.0,255.40155541191834
3644276.0,258.31912258650516
3646690.0,260.8418133197042
3649240.0,255.46362752365815
3651933.0,133.93035177172678
3654719.0,129.10341587166837
3657458.0,247.8338900735509
3659761.0,69.41102308863627
3662241.0,258.69029162201684
3664879.0,251.3770266804732
3667465.0,253.2292951500018
3669723.0,158.3112252152773
3671833.0,62.78549349450279
3674289.0,257.38874880878006
3676648.0,199.2501582343994
3679129.0,256.6614582328945
3681577.0,256.4915939385695
3684086.0,253.71181539015345
3687226.0,175.0833458108933
3689457.0,167.694848608459
3692673.0,103.76522722694214
3695151.0,254.04472881128078
3697535.0,259.05475996168855
3699993.0,257.5414117094207
3703082.0,184.9536099158244
3705602.0,255.05281112125266
3707822.0,174.28914253514068
3710267.0,258.6141922535753
3712823.0,252.94492296050765
3715265.0,260.1756123721503
3718595.0,192.59271196201982
3721046.0,258.6394768755581
3723471.0,258.88362385946823
3725840.0,262.3170867038698
3728339.0,52.28756096911263
3730805.0,258.482626497165
3733318.0,255.459186805744
3735778.0,257.3030297198752
3738812.0,182.03485216688114
3741139.0,263.15266459515254
3743503.0,262.18741536409436
3745873.0,260.023708690475
3749069.0,118.98800808369181
3751405.0,262.7383762644197
3754280.0,160.90541478561815
3756700.0,258.6817375321518
3759036.0,260.7496167748716
3761360.0,261.64531245102637
3763836.0,255.1826044023881
3766241.0,258.78519396199624
3768607.0,261.52935884902377
3771113.0,142.01142009549855
3773524.0,137.38026578565083
3775925.0,137.09263693047686
3778194.0,262.54459729820735
3780771.0,250.0820477302692
3783117.0,258.6710123523951
3786004.0,169.0729524873911
3788316.0,260.50100514337606
3791068.0,150.00026406601978
3793268.0,265.01771949767846
3795585.0,260.6907934394171
3798566.0,176.69525817436065
3801151.0,106.64034957766387
3803485.0,259.70665547252383
3805839.0,258.7631594711185
3808235.0,258.17999745344895
3810663.0,256.66429750568295
3813020.0,259.55452097000426
3815342.0,261.2697570672016
3817674.0,261.09185818619466
3819924.0,261.90430171886607
3822215.0,263.2972732267789
3824546.0,259.9017620215934
3826735.0,266.0633971366258
3829106.0,260.2679117727199
3831817.0,88.1298051348462
3834125.0,28.920644463022995
3836353.0,180.63290623934688
3838516.0,12.3172759518485
3840910.0,258.7975892988893
3843792.0,161.88102402619953
3845854.0,162.31289866254227
3848243.0,191.03887047331125
3850793.0,252.26450941652644
3853120.0,263.00273321635177
3855443.0,203.9316696613856
3857616.0,179.78874636706365
3860725.0,38.06917755813546
3863315.0,139.70716371248514
3865544.0,174.15217285798514
3867843.0,262.65424156546624
3870249.0,256.1857610438175
3872525.0,262.46534792026347
3875142.0,147.40355922387474
3877240.0,173.79999917558735
3879527.0,262.6904441616836
3882473.0,184.3232987181801
3884562.0,69.84363724731715
3886620.0,174.8554000751655
3889036.0,256.65193505651814
3891832.0,132.09653730396863
3894623.0,151.08862857579416
3897539.0,161.25934047013354
3899684.0,162.41736016969378
3901981.0,262.76599880149246
3904300.0,261.19623733086075
3907450.0,190.12660370873428
3909771.0,261.5363392425614
3912044.0,263.84033868929396
3914354.0,262.08144706365835
3917188.0,77.45420677516125
3919544.0,260.9977254521319
3921859.0,261.94520210925856
3924514.0,156.6742645559967
3926674.0,-2.501267645044128
3928945.0,263.36674001075227
3931834.0,100.86461040586977
3934113.0,262.51860436325984
3936847.0,181.07154989211696
3939127.0,208.03675218551075
3942160.0,199.74480000088417
3945234.0,195.4596626841525
3947426.0,266.25623933738314
3949653.0,264.73431887434356
3951915.0,262.19786562190103
3954200.0,262.0934715927845
3956504.0,262.57848546768787
3958870.0,88.9801048984283
3961811.0,191.72395448985193
3964900.0,207.84731525593352
3967202.0,262.6573534257868
3969553.0,261.5361517429358
3971837.0,263.3809949578034
3974073.0,265.96541710590907
3976405.0,84.80300002405353
3978688.0,264.41163302358115
3981051.0,259.24702581472474
3983302.0,265.63169852734484
3985606.0,263.1947659952923
3987884.0,263.48857383353936
3990106.0,267.4986412219144
3992617.0,156.1842533512142
3994793.0,269.6498066851717
3997041.0,266.7557420033421
3999295.0,264.2241600539821
4001620.0,261.43571197050414
4004519.0,192.31322229964758
4006823.0,262.1317675319276
4009127.0,261.6799146488694
4011235.0,71.23743884748508
4014079.0,178.79078519688423
4016364.0,262.8844490168482
4019440.0,190.4145035123394
4021718.0,264.08194240479475
4024105.0,258.64079114894105
4026817.0,165.61295574034708
4029130.0,196.80786731093343
4031331.0,266.1286192194267
4033548.0,201.92982296905757
4036087.0,162.56003359573478
4038292.0,266.94252491433105
4040489.0,267.9719502632192
4042822.0,262.4052946862705
4045146.0,262.59287593353537
4047519.0,261.71946729509716
4050337.0,183.9845057877391
4052637.0,262.9379544342734
4054901.0,265.4637634420767
4057921.0,195.01067894477765
4060945.0,180.82915225039665
4063878.0,192.64869039494602
4066181.0,263.18017070807167
4068473.0,263.8162759707287
4070691.0,266.5524565959926
4072910.0,266.6672852182053
4075205.0,264.7170333700037
4077593.0,58.3037999002674
4079836.0,266.06673196463345
4082049.0,267.5560762558163
4084843.0,171.75904975496974
4087122.0,265.70406123512146
4089305.0,269.014847738903
4091596.0,263.1894032136797
4093666.0,188.80751879087768
4095822.0,202.3519324540837
4098689.0,204.2254398618526
4100957.0,264.1327212831154
4103173.0,266.6038668941669
4106096.0,68.83721969174732
4108299.0,266.91698688781537
4110542.0,265.5083422345938
4113393.0,101.1519154926658
4115610.0,265.9666689200615
4117809.0,268.0834606070397
4119959.0,270.5230218218785
4122923.0,197.1102634847416
4125954.0,204.98914702050263
4128069.0,89.4428215589461
4130452.0,108.180066976529
4132676.0,266.06818354306523
4134862.0,210.27062865666204
4137652.0,176.6371596898072
4140354.0,176.83285227426708
4142644.0,261.53788342952816
4144834.0,267.0515272027412
4147087.0,264.413323981633
4149278.0,212.03344701736447
4151487.0,264.89620186133027
4153803.0,261.5961022777187
4156051.0,264.9312414257914
4158297.0,265.7258236880653
4160534.0,264.8234295319927
4162763.0,265.832912427986
4165027.0,265.08443702714544
4167307.0,140.65149990634782
4169755.0,255.6585127516808
4172184.0,258.18699460563744
4174502.0,261.86243040982663
4176865.0,260.12099138326164
4179117.0,263.8640548522161
4181205.0,188.63413781775157
4183539.0,261.3082425222915
4185821.0,263.3543976082168
4188415.0,157.56478446891117
4190702.0,263.0841302640981
4193075.0,258.732364936778
4195273.0,266.8177921876153
4197721.0,147.10580670794386
4199952.0,264.80359376702484
4202703.0,174.59603546337016
4205200.0,151.41500380163035
4207407.0,266.6756864060734
4210037.0,168.77699431827247
4212204.0,270.0712108759799
4214802.0,161.9927967123149
4216983.0,268.75294977934686
4219326.0,262.3033346074152
4221517.0,268.61159081991974
4223660.0,269.184722925807
4225941.0,264.3197304206788
4228180.0,265.990358674077
4230266.0,205.3024386009434
4232472.0,265.86483220351266
4234635.0,267.5822345771187
4237590.0,200.2149702239345
4239838.0,264.4016271972348
4241993.0,268.2407221188759
4244142.0,267.6465824675656
4246360.0,266.1244597315257
4248607.0,264.45241581351024
4250774.0,267.4019867871832
4252881.0,269.73023015881176
4255061.0,267.95572431325195
4257274.0,266.01367259430975
4259494.0,264.4752417343504
4261712.0,265.0782343457329
4263950.0,263.9470610112194
4266967.0,209.95622420844634
4269213.0,264.4166666693153
4271457.0,265.14949832943796
4273765.0,264.2353716197995
4276371.0,168.9027409455236
4278539.0,267.3113450529836
4280716.0,268.14334833373994
4282926.0,266.6832224896004
4285209.0,263.26892045755085
4287330.0,269.08264468586873
4289451.0,268.78263565177247
4291632.0,265.14824772075036
4293840.0,264.34295734095303
4295963.0,268.6264359302145
4298177.0,265.34592208866115
4300687.0,163.57167135297382
4302868.0,266.04126189702123
4305025.0,267.11997428576336
4307188.0,265.82663280798397
4309316.0,268.7513939886202
4311563.0,264.78614678310225
4313744.0,266.59320579780854
4315923.0,268.6007425549806
4318102.0,266.9759860889088
4320369.0,140.83496999495517
4322648.0,50.63412440621043
4324818.0,203.3319976491434
4327943.0,126.91818998404636
4330525.0,167.89053520161096
4332634.0,270.1392929292864
4334910.0,262.32813462835827
4337600.0,177.12888286135635
4339950.0,111.18840564805207
4342570.0,165.91447685144632
4344723.0,267.8456210000837
4347361.0,179.2784914864525
4349955.0,120.79697693037919
4352121.0,267.629264911591
4354404.0,262.601974576929
4357420.0,199.49310838707947
4359634.0,264.626518142128
4361771.0,267.2563650331866
4364287.0,162.5107998986372
4366447.0,267.93825532357573
4368636.0,265.7717257093067
4370817.0,266.14373953705524
4373104.0,261.58321639041014
4375771.0,126.63790177334117
4377909.0,268.61782812468766
4380664.0,191.33770545782355
4382786.0,182.99742522973312
4384931.0,268.1838355359158
4387009.0,270.05268125778866
4389193.0,266.6035051630878
4391332.0,268.90347370133645
4393446.0,268.64640343793076
4395736.0,145.29104000543097
4398614.0,194.8168034473156
4400871.0,263.79216144541306
4403056.0,265.1436280920508
4405254.0,263.8069136012699
4407740.0,151.94422589974764
4410022.0,260.86023998242115
4412199.0,265.05378269078267
4414406.0,263.9443841459866
4416569.0,265.0100994203795
4418704.0,266.47918100140396
4421688.0,207.24024007687092
4423909.0,264.2415894408291
4426139.0,262.9438328840499
4428433.0,261.25991162667765
4430585.0,267.3344332261436
4433357.0,180.10033324870423
4436131.0,182.76261245985532
4438910.0,179.60756435923568
4441174.0,138.23722641107145
4443444.0,261.7652238717656
4446151.0,181.40554596024626
4448441.0,138.46625410617656
4450759.0,138.41330809743326
4452979.0,264.53245143542347
4455482.0,162.3638621748568
4457623.0,267.8114478362159
4460304.0,177.6041079040377
4462491.0,265.0517180960762
4464694.0,264.80185080806535
4466887.0,265.3226129377264
4469046.0,266.44173934180066
4471187.0,266.64329784830966
4473354.0,266.04267543543205
4475474.0,268.01268464120193
4477670.0,265.4590689667935
4479827.0,266.38143831045363
4482212.0,148.77437768217445
4484386.0,267.0243038386932
4486527.0,267.6909318780812
4489005.0,172.05289044322072
4491155.0,267.48044309165766
4494270.0,212.9105256673091
4496475.0,140.68908001024792
4498823.0,148.5271192933205
4500986.0,267.35942409170855
4503876.0,115.21782180746936
4506006.0,268.5791493898705
4508091.0,93.63202629498723
4510722.0,174.73079053905687
4513140.0,153.93601298366195
4515268.0,269.0359539211904
4518011.0,169.30905550933107
4520206.0,265.1133584105912
4522456.0,264.59279817119796
4524647.0,266.00948253605793
4526796.0,267.07558954158577
4529018.0,264.27627704978977
4531217.0,265.9756718331271
4533396.0,266.4515568390982
4535611.0,264.06989908176035
4538491.0,100.14899982936832
4540735.0,264.48633530039797
4543073.0,259.4739584199823
4545258.0,266.7320941791015
4547473.0,263.71553342360164
4549619.0,267.07759766218624
4551689.0,270.7465853859214
4553826.0,267.714562449919
4555989.0,266.13824798780956
4558566.0,103.78965134291612
4560735.0,265.6880696118523
4562988.0,262.44266289800623
4565170.0,265.09142923087126
4567442.0,261.5794342632495
4569563.0,268.0762286256918
4571864.0,138.70410860385206
4574038.0,266.0438055636414
4576214.0,267.12526046212696
4579130.0,192.25127706762692
4581354.0,264.0411501856464
4583627.0,261.1917405937311
4586604.0,205.69702078370952
4588725.0,93.10703644494875
4590898.0,266.29677338515376
4594015.0,212.96105845305442
4596274.0,263.0229104276259
4598479.0,264.49374987428325
4600663.0,264.2837679486104
4602832.0,264.80075570989214
4605023.0,264.05456551678134
4607241.0,262.554342325751
4609375.0,265.2657352893216
4611534.0,264.5427330659804
4613602.0,267.61196523045214
4615756.0,265.0500851932453
4617933.0,263.7503909582042
4620115.0,262.97596519086846
4622334.0,261.3655235587455
4624484.0,264.99950809663903
4626615.0,266.09221363269467
4628691.0,268.10156904894046
4630893.0,262.62121531724085
4633082.0,262.3433207539509
4635181.0,265.8610463067501
4637370.0,264.5662972037851
4639509.0,264.6838319756869
4642365.0,194.71893556890882
4645158.0,197.3284572882352
4648253.0,268.31485371514015
4650351.0,267.61456675397784
4652718.0,154.9886731340413
4655088.0,128.03649417997045
4657170.0,268.3877553111945
4659288.0,265.8764073555556
4661667.0,119.51904165382184
4663795.0,264.9044856729752
4666001.0,262.24146519391826
4668162.0,40.579056328192785
4670219.0,268.3485772007675
4672278.0,195.65688917715812
4674368.0,266.41583022828985
4677453.0,268.5345979805154
4679597.0,264.7047605073082
4681736.0,264.4968143948909
4683872.0,264.6492473473794
4685960.0,266.97445097576883
4688122.0,263.0821623889034
4690364.0,139.09627299597875
4692536.0,263.09214359815195
4694620.0,266.55088903323156
4696724.0,266.9286231872088
4699277.0,92.15211087999879
4701516.0,139.5804857027996
4703649.0,265.39246751459746
4705731.0,267.26783046610865
4708057.0,77.68676014087843
4710265.0,262.0998193059452
4712514.0,140.1444555274943
4714784.0,260.82963972409993
4716919.0,265.7215434218204
4719067.0,265.2570619620385
4721263.0,262.0353219986288
4723417.0,265.55879962051654
4725699.0,138.35340647634385
4727804.0,266.47305670283794
4729944.0,264.78541168902547
4732031.0,267.75783313520935
4734210.0,264.66240692393694
4736386.0,263.2889620369033
4738484.0,265.8522802179511
4740697.0,262.0099783986068
4742818.0,265.982671502059
4745088.0,259.9490845017644
4747269.0,262.64988379308636
4749381.0,267.21153153858984
4751657.0,142.90007993879394
4753826.0,263.839336132554
4756001.0,264.0445226765568
4758082.0,268.338689527203
4760253.0,263.64949328689863
4762541.0,259.3548234044117
4765574.0,131.34802846917614
4767714.0,265.27769535628704
4769873.0,264.0068854878069
4772027.0,264.750257864369
4774155.0,266.5388694746292
4776503.0,77.10298770462582
4778718.0,262.836021619857
4781451.0,182.52506982465766
4783633.0,264.8053301032185
4785708.0,268.3550502015271
4787944.0,261.6107895633438
4790118.0,264.0051912106284
4792988.0,199.1308774362449
4795165.0,263.558943948791
4797341.0,264.56468546610756
4799424.0,268.3439884519539
4802216.0,188.38651372333425
4804322.0,267.5363204945437
4806497.0,265.5450695277728
4808586.0,268.4967066577508
4810775.0,264.7667375066476
4812983.0,264.8870634639999
4815815.0,192.43557171694292
4817914.0,191.15387810317796
4820048.0,267.0795674934731
4822198.0,267.20681348872404
4824402.0,265.1371873770384
4827085.0,82.80013120733383
4829185.0,197.62754694906988
4831679.0,154.81817379864987
4834166.0,129.0770187109988
4836351.0,265.5168275393958
4838444.0,268.91480854369047
4840611.0,266.056333298323
4842977.0,158.67500878136622
4845170.0,264.48041327310875
4847329.0,265.9023908943366
4849518.0,263.6415219550213
4851745.0,262.9407767927047
4854101.0,257.5785240937207
4856337.0,262.8123249465857
4858690.0,258.81412197443063
4861827.0,204.2453708275519
4864628.0,146.48980296660915
4866847.0,264.5452659995161
4869107.0,262.2809787471968
4871696.0,160.9380312526586
4874055.0,259.50995151431573
4876370.0,260.1605269746339
4878682.0,258.13622313054805
4881011.0,258.54503453887776
4883334.0,202.0422885578815
4885482.0,199.01584682851373
4887700.0,264.04824279733896
4889893.0,264.57515969095596
4892151.0,133.9277747494129
4894408.0,262.06898236575876
4896627.0,263.38256976299107
4898846.0,263.2032175674081
4901339.0,128.73531621114307
4903529.0,264.29669322554105
4905670.0,267.23266899584917
4908244.0,166.09293685882207
4910484.0,208.27211943568906
4912687.0,263.9667886118637
4914924.0,263.8950976589716
4917227.0,107.50632850090743
4920037.0,176.63084069135098
4922639.0,161.27271875232353
4924875.0,264.2692616845611
4926956.0,85.62208621689966
4929167.0,97.3618725014993
4931347.0,266.4498562812255
4934283.0,116.44691918551096
4936481.0,265.16179996586493
4938645.0,266.9994252049882
4940837.0,264.9297991946482
4943676.0,194.02298395393245
4945883.0,265.4239222651363
4948005.0,266.857463473234
4950200.0,265.02946092329915
4952517.0,260.44571463566024
4954743.0,263.0655959334305
4957316.0,160.58017682242703
4959649.0,259.3973399173956
4961908.0,261.129223052568
4964159.0,263.4344197695283
4966380.0,264.8783920898412
4968565.0,265.6374430299199
4971421.0,99.17279806058556
4973788.0,257.61773747365146
4976013.0,265.25284423080154
4978306.0,206.98856590875855
4980524.0,264.36869399253806
4982694.0,267.0335967042865
4985110.0,158.96160758080683
4987408.0,259.36412950155386
4989670.0,262.538160643987
4991901.0,262.0056636013382
4994122.0,263.25192597582554
4996384.0,261.1404365788813
4998648.0,263.35902763474144
5000947.0,262.28027370888145
5003205.0,262.5126429612127
5005357.0,197.46570622140138
5007573.0,262.7242962742963
5009851.0,260.3216254402138
5012106.0,261.4483257864381
5014249.0,264.8442436712136
5016524.0,260.6255289412668
5018653.0,266.6497241468221
5020880.0,261.58257422043505
5023172.0,260.5587692404762
5025481.0,259.2475334923478
5028262.0,187.85786221935408
5030500.0,262.555118630936
5032792.0,259.79284220127045
5035874.0,204.35690028169356
5038064.0,263.2034254354834
5040701.0,165.56679677229414
5042921.0,263.604886933603
5045150.0,260.88809906362735
5047341.0,263.74453385225183
5049525.0,264.39369958379393
5051763.0,262.1786617112951
5054115.0,256.8521183673863
5056428.0,259.2497576875163
5059613.0,191.16348254858494
5062357.0,158.61450606837016
5064763.0,254.5959574891446
5067090.0,201.17719257084244
5069396.0,259.92320724577763
5071729.0,260.15195612069897
5074082.0,137.174644728253
5076301.0,167.53676194575178
5078565.0,264.5143207240651
5081004.0,258.2658938880218
5083309.0,261.87965767142396
5085584.0,264.4329929210227
5087858.0,262.47650697812844
5090049.0,267.2920759107228
5092318.0,262.56190610328815
5095175.0,184.5649406629285
5097417.0,264.25787877783455
5099784.0,259.53413859835973
5102185.0,198.94390869026847
5104524.0,261.69818255083817
5106822.0,263.3749071681912
5109108.0,263.2435415470668
5111500.0,259.5040627340792
5114395.0,170.52313515319324
5116746.0,261.6786929854344
5119119.0,260.56723799790007
5121508.0,259.2269589332991
5123854.0,260.97265787161234
5126081.0,263.13114898731993
5128285.0,266.0226656552289
5131349.0,199.4357000407098
5134434.0,202.04108644956617
5136730.0,261.30716613623156
5139010.0,263.5912871388212
5141274.0,263.08925683335735
5143489.0,203.94260414442635
5145706.0,265.0163779509837
5147979.0,263.04800446570374
5150247.0,263.71412141308497
5152552.0,261.94490391222945
5154809.0,263.11797599185934
5157022.0,266.00089322964004
5159286.0,263.4191374386611
5161501.0,264.67538675040373
5163749.0,264.0110728122635
5166007.0,263.1537036231455
5168561.0,140.03967842992824
5170677.0,202.88499666862808
5172881.0,266.494225671083
5175743.0,193.21313765788182
5177920.0,267.64132864788485
5180104.0,268.07420028723215
5182281.0,268.51895014922724
5184464.0,267.3985464067505
5187201.0,187.02933584072002
5189421.0,266.2421331940793
5191544.0,202.38222689935125
5194253.0,191.82005063329345
5196500.0,263.4912703204161
5199514.0,214.99816631349645
5201663.0,268.2306933550333
5203941.0,208.0069493003208
5206191.0,264.4102084995287
5208932.0,164.505936920844
5211099.0,199.9899082473119
5213280.0,269.1731271996895
5216414.0,131.34104774007216
5218550.0,197.63866967253853
5220698.0,270.4693423193355
5223685.0,200.78318817886998
5225889.0,267.87441853541225
5228710.0,198.04454710090485
5230896.0,268.64015763398504
5233681.0,182.16503099604714
5236116.0,155.55151711007204
5238888.0,137.72839125659064
5241002.0,269.4004201838011
5243182.0,97.01227586298
5245283.0,84.16100202755608
5247441.0,268.2085009137708
5249670.0,264.6316803704664
5251881.0,265.3681007411843
5254924.0,200.95698007795045
5257156.0,266.11686933052164
5259811.0,132.90328968637724
5261964.0,269.21904012268965
5264119.0,268.54063197909534
5266349.0,265.81345329526744
5268535.0,267.79731880414516
5270729.0,266.9217184425872
5272977.0,265.05660781928304
5275181.0,266.79634955236713
5277377.0,266.91987915339223
5279575.0,267.5662528742225
5281891.0,262.2134203885107
5284049.0,269.0185050705811
5286280.0,265.4660583720496
5288423.0,269.9767312713085
5290742.0,139.68044252038473
5293889.0,222.58044485627963
5295952.0,273.1980861443787
5298379.0,258.1064720858102
5300441.0,102.50484688046176
5302635.0,268.5028919744271
5305561.0,210.17506834054075
5307741.0,142.55958956046982
5310196.0,139.09921588905445
5312413.0,267.64117895477415
5315133.0,196.72060423013008
5317413.0,265.6133314741303
5319593.0,269.80149754729524
5321707.0,272.34200930266604
5323932.0,268.51069371078154
5326153.0,268.5902841831653
5328368.0,268.8578212317585
5331289.0,209.70833003695597
5333416.0,272.13190704887603
5336109.0,195.6529649117051
5338481.0,138.20029224848932
5340766.0,264.4367160466937
5343238.0,91.09111678659806
5346362.0,212.204116135847
5348505.0,96.76327767390033
5351388.0,84.48434472975163
5353553.0,268.8938615255877
5355833.0,264.1356361414424
5358028.0,268.69980481556894
5360289.0,264.25277430987353
5362482.0,83.54769069089012
5364774.0,263.17286437929477
5367068.0,263.53186060374935
5369361.0,262.94235609264854
5371791.0,258.51673950809266
5374357.0,148.56680299437414
5376576.0,266.5670897374292
5378856.0,264.4360819986888
5381086.0,265.814057135771
5383362.0,264.14059640745313
5385553.0,207.9887282698806
5387851.0,263.0039151756521
5390415.0,166.17397855117937
5392847.0,151.89404774733177
5395158.0,263.5487173593413
5398036.0,182.79984094339997
5400278.0,266.5182389655715
5402586.0,138.68385482347298
5404944.0,201.85891860672984
5407137.0,268.5291308149217
5409404.0,266.5311118376751
5411735.0,262.9078610359194
5413906.0,269.6106827619631
5416063.0,271.9323362967245
5418321.0,265.15992462848186
5420744.0,147.96889560484738
5423140.0,157.73266233209583
5425299.0,268.5551473826235
5428039.0,145.1198524125833
5431093.0,201.97490179674944
5433397.0,261.73014537067644
5435696.0,262.5030738051349
5437822.0,270.65040465572565
5440050.0,266.2161346018792
5442242.0,268.12352193617505
5444406.0,269.1284276752565
5446657.0,145.7793687936357
5448828.0,269.19278240829885
5451096.0,265.86122049770097
5453285.0,268.85839492304405
5455545.0,264.332147172732
5457854.0,262.7507432587671
5460703.0,168.30297199117936
5462947.0,266.06147842742905
5465193.0,266.451475681209
5468256.0,211.18413298494116
5470548.0,263.9615535552647
5472824.0,264.354063141201
5475032.0,268.29895040625854
5477191.0,268.9175901276762
5479432.0,267.08430593725416
5481582.0,202.12689448947611
5483687.0,272.0517580804791
5486574.0,190.57033341724136
5489327.0,195.44224060925217
5491447.0,271.10375901795305
5493666.0,267.04639418502114
5495880.0,267.5597336357285
5498433.0,170.1108795525566
5500624.0,268.49359164016414
5502813.0,268.28000852567607
5505130.0,80.02338822097083
5507380.0,265.76860352145286
5509477.0,271.1586188591175
5511646.0,269.3107740853736
5513729.0,271.25570829937016
5515896.0,268.56368221786335
5518660.0,189.11350678653457
5521216.0,175.71227250181695
5523593.0,161.2862393764187
5525779.0,266.7415883573011
5528002.0,265.61345340367336
5530249.0,263.4049400285621
5532352.0,270.63318026754445
5534654.0,149.60990389497718
5536796.0,101.01401139550244
5539459.0,64.9272894290257
5541557.0,269.3923674701614
5543785.0,264.7490590673378
5546829.0,222.46700391152413
5549061.0,263.9534374342511
5551837.0,109.04703465582706
5554026.0,144.762769685198
5556134.0,216.71412709098368
5559199.0,225.182630639915
5561295.0,266.68962536745767
5563403.0,266.3172153289408
5565509.0,267.3153404941779
5567609.0,268.46807042091734
5569743.0,266.6451688936526
5572323.0,170.7161619508059
5574385.0,270.29938084417176
5576484.0,267.7383012982634
5579571.0,269.8626724693522
5582507.0,207.1902091176406
5584665.0,266.06805672514963
5586754.0,268.8046041070983
5589841.0,226.03323279199023
5591934.0,268.9640573167971
5594886.0,134.70881317618097
5597048.0,266.72802561495206
5599110.0,270.5046602702457
5601320.0,140.70084791853134
5603410.0,267.27949426207283
5605586.0,141.4070417425274
5607762.0,264.9459008711033
5610467.0,196.7360869659814
5612532.0,268.92004627710236
5614706.0,265.6960389469763
5617774.0,218.32126196448522
5620330.0,101.18133134961747
5622469.0,266.55246989780505
5625201.0,107.0716486320286
5627413.0,263.7521293695547
5629481.0,269.65281696460517
5631621.0,266.83172681311635
5633809.0,264.3026142346498
5635957.0,265.3760159853392
5638173.0,85.2310526235596
5640391.0,54.31317606162215
5642500.0,145.4336801209524
5644816.0,139.1189659993702
5646938.0,42.649786476247456
5649782.0,150.43354218457657
5652253.0,154.62080133828437
5654489.0,138.78400778313474
5657006.0,173.32490207244038
5659154.0,267.4683217557898
5661308.0,265.92837899752885
5663629.0,260.6469277086965
5666058.0,137.55015351803226
5668154.0,267.98127116393664
5670384.0,263.8385509354025
5672672.0,261.4612280278991
5675061.0,255.81072986285199
5677441.0,257.4308657187624
5679730.0,261.87422467083445
5682119.0,136.74659428923493
5684451.0,259.07308430315084
5686786.0,260.7106711711132
5688945.0,179.7349042417071
5691454.0,132.96703266747272
5693818.0,258.3222980757986
5696181.0,256.79883820910715
5698706.0,151.88809342454456
5701046.0,259.84750554451466
5703417.0,258.4222801793438
5705760.0,258.34419548422034
5708133.0,257.9966830276592
5710515.0,257.09018787864096
5712871.0,137.97635097169976
5715214.0,258.9242505488721
5717472.0,262.7115285781786
5719960.0,250.8175487256541
5722387.0,253.9560792434038
5724683.0,260.66389476717416
5727009.0,259.90045223499146
5729170.0,172.6804023424222
5731625.0,134.99782442973964
5733947.0,259.2472201358719
5736336.0,256.0125314883723
5738709.0,256.92975540430655
5741039.0,257.4369892276572
5743385.0,258.6076039518176
5745752.0,259.1774963562966
5748111.0,259.263618724701
5750632.0,251.28010587522323
5753018.0,256.73326279092703
5755404.0,256.5914960723916
5757797.0,257.54281899911473
5760157.0,259.31454356331795
5762462.0,261.0941863838679
5764789.0,260.2089927846643
5767060.0,262.2610979922168
5769297.0,264.83115166021605
5771734.0,255.98076820671494
5774031.0,262.0653093443028
5776313.0,261.9147156779841
5778606.0,261.52464033564706
5780920.0,260.67518897827426
5783228.0,260.3763114581167
5785604.0,258.73201890592395
5787898.0,263.3685098738856
5790195.0,262.94208421391056
5792505.0,261.5956774268122
5794854.0,260.3049306038022
5797172.0,261.68724134049995
5799300.0,87.18298342323341
5801678.0,259.0851805408755
5803973.0,262.5545832395811
5806315.0,259.8264163648312
5808592.0,263.8989257091938
5810800.0,266.210198458647
5813164.0,258.933519900511
5815471.0,261.35816283174944
5817956.0,253.33406612450443
5820282.0,260.6046893856193
5822580.0,261.90601173113714
5825601.0,184.52348875989117
5827883.0,262.0766789520932
5830237.0,259.47727723450305
5832671.0,256.2374064798255
5835060.0,258.09439434081355
5837250.0,267.07236461370155
5839523.0,262.50063853234826
5841848.0,261.27269688797116
5844123.0,263.9484128593417
5846422.0,261.1555492478618
5848769.0,260.06039996761825
5850964.0,265.08031740236373
5853141.0,267.16273204749444
5855448.0,261.664527017743
5857820.0,259.2556044288417
5860138.0,262.30036128905533
5862204.0,195.32950952217323
5864461.0,263.73950466768287
5866764.0,262.098855923381
5869072.0,261.16300480534596
5871646.0,145.98725010992501
5874504.0,157.11818073127128
5876736.0,266.442073815821
5879125.0,257.9458170514771
5881987.0,181.4302370288839
5884266.0,196.49481890856504
5886723.0,257.0633326112165
5889623.0,180.67880547171694
5892372.0,161.04833392815806
5894758.0,258.72779863308085
5897152.0,257.84931305114145
5899471.0,261.905718795189
5901789.0,262.30906107834846
5904115.0,260.82260871709013
5906698.0,140.31717800203978
5909145.0,255.03758946696666
5911504.0,204.54853115601586
5913881.0,257.5844607426425
5916210.0,260.5675094546858
5918495.0,263.7365641865463
5920869.0,259.759444607545
5923812.0,178.46573905677636
5926971.0,190.34484571405332
5929286.0,261.9565548254751
5931549.0,263.3138034997538
5933758.0,212.29351768527923
5936044.0,262.84211684234435
5938458.0,256.9380368043302
5940700.0,264.28902603947586
5942781.0,178.5616852244663
5945154.0,259.06634891151356
5947609.0,135.43670524649892
5949933.0,262.0645608745151
5952234.0,261.0190918232745
5954560.0,261.7499053963003
5957167.0,160.59959887866466
5959508.0,261.3997944606747
5961824.0,262.2136499018253
5964082.0,266.1415852781258
5966366.0,261.5133533855493
5968711.0,259.97294082013855
5970994.0,260.55874523982675
5973207.0,264.8164126633312
5975524.0,260.6098196902839
5978302.0,194.550396257154
5980353.0,199.87671137110468
5982713.0,256.41062456411214
5985033.0,259.45520882303265
5987318.0,261.2638345449302
5989577.0,261.5157935245524
5991853.0,260.8093567592321
5994094.0,262.4188178567113
5996244.0,265.95955249378767
5998544.0,259.1121957318488
6000811.0,261.4129287190825
6003227.0,255.8411657411316
6005422.0,265.05297772939963
6007745.0,260.12740287775136
6009976.0,262.3163680883223
6012229.0,204.73569910483184
6014531.0,259.82239213131515
6016858.0,259.1530512539604
6019099.0,262.43406131601733
6021196.0,177.65135865910875
6023445.0,261.1690399567935
6026024.0,153.99549333070857
6028261.0,263.98675279897077
6030458.0,263.92846146281835
6033055.0,169.04309650213995
6035198.0,102.0935452752827
6037429.0,141.11164970315448
6039653.0,264.7347243490037
6042057.0,257.8892703459129
6044273.0,264.90888345567566
6046556.0,263.59367529975407
6048799.0,264.7075822476871
6050999.0,267.092687423272
6053258.0,262.8069045073107
6055962.0,165.35508834694406
6058347.0,258.1802568524045
6060623.0,263.03677895664237
6062824.0,265.4859044727605
6065128.0,261.5074025912852
6067479.0,259.79451663974606
6069773.0,263.45407141035855
6072021.0,264.0373181911337
6074348.0,260.1252361730045
6076663.0,261.7693407674922
6078949.0,262.25099166840744
6081303.0,258.6103570393792
6083685.0,258.899915585909
6085967.0,263.2537412782497
6088259.0,261.9987237109222
6090524.0,262.2498127346387
6092871.0,260.34671548410194
6095137.0,262.4218621538679
6097343.0,264.7310155756172
6099471.0,204.40442060622604
6101732.0,102.67954856877422
6104053.0,260.64444818741424
6106399.0,259.93503753346545
6108751.0,260.5647134046182
6111184.0,255.90511885832308
6113654.0,254.1633035260563
6115954.0,261.3180859994818
6118326.0,259.02956527435583
6120599.0,262.2683711259672
6122908.0,261.9270445095009
6125234.0,261.82274423420733
6127569.0,261.05377667357925
6129805.0,199.02621691023802
6132042.0,265.40308163524634
6134391.0,138.0239126114282
6136693.0,262.5213192388486
6139037.0,260.9947015223298
6141284.0,264.05517771512825
6143585.0,260.7118324826155
6145876.0,262.2943870923972
6148182.0,261.54483076059876
6150356.0,267.17450512874433
6152592.0,264.92646996674125
6154804.0,265.21238055666595
6157076.0,261.9415040825323
6159267.0,266.5928727367731
6161467.0,266.497148362992
6164153.0,174.20896132371652
6166404.0,262.82056296685676
6168652.0,264.34938095685123
6170806.0,268.0032845082149
6173024.0,266.35868441271816
6175239.0,267.4609910026745
6177928.0,186.9808771207494
6180020.0,270.9779394479518
6182259.0,264.71947119747097
6184445.0,266.99362727260217
6186623.0,268.6826535894489
6188739.0,270.6592764801746
6190985.0,153.85443029586907
6193198.0,265.6374839975886
6195395.0,267.5945463180051
6197500.0,271.0807599302772
6200529.0,207.16298337772358
6203014.0,127.49323112581668
6205168.0,268.9835464073208
6207341.0,267.30523488637556
6210125.0,184.09116807978162
6212391.0,110.18306706435315
6214601.0,268.14298264445455
6216843.0,265.6053093635861
6219588.0,186.11143677688824
6221816.0,265.77626501926215
6224087.0,50.00133816769377
6226276.0,143.79761850521666
6228759.0,75.3253508038499
6231366.0,23.554525135472396
6233528.0,269.10590778477047
6235735.0,265.93164600983323
6238111.0,138.51090135737874
6240350.0,264.9403508626635
6242532.0,266.92315087913437
6244875.0,138.04522663118811
6247471.0,92.54133367596377
6249755.0,262.85059578948585
6251982.0,266.02369915400163
6254286.0,263.15757584974415
6256600.0,263.02475025789556
6259091.0,255.57651741375088
6261480.0,259.0869413352664
6263822.0,261.1007540909086
6266087.0,266.0902563406921
6268450.0,261.7463816475058
6270923.0,139.08753228122575
6273274.0,259.76221314644374
6275679.0,258.0740375490145
6278065.0,259.2187205746925
6280312.0,264.2909212651861
6282572.0,200.8875141680312
6284945.0,261.01876575099334
6287256.0,263.3024205444657
6289470.0,266.58547635527884
6291665.0,267.3797610472717
6293780.0,269.392221815275
6296000.0,264.72910465589973
6298194.0,265.51754743167567
6300390.0,266.1191505229069
6302635.0,265.56267167661616
6305113.0,121.56385072974695
6307371.0,266.27839012925165
6309854.0,163.44744219980757
6312697.0,142.65849615183888
6314917.0,267.25237641397644
6317179.0,264.5471409379529
6319464.0,263.4295758268485
6322308.0,166.14104670540553
6324596.0,263.95744206451525
6327435.0,183.00311213088818
6329652.0,265.5596319923677
6331871.0,266.2739045683602
6334123.0,265.24944346452435
6336805.0,136.18201330316666
6339946.0,211.60322555702797
6342205.0,264.3154468247958
6344433.0,266.9780802549052
6346718.0,264.23470676648026
6349016.0,262.17345684045733
6351236.0,265.43961617042794
6353577.0,262.62949698179864
6355831.0,265.4093715924828
6358099.0,263.92139960955114
6360184.0,272.3441718616432
6362489.0,263.26945874539916
6364755.0,264.0250241381389
6367075.0,262.27141934770066
6369301.0,100.67698000597267
6371608.0,263.1708727534764
6374073.0,255.97136146619323
6376380.0,263.6929092867076
6378695.0,261.6375148363706
6381102.0,257.4321879168572
6383286.0,178.95457705240693
6385584.0,262.472382840666
6387851.0,263.48898256186453
6390589.0,178.30767102059494
6392884.0,262.1478820245557
6395200.0,259.7861610151945
6397526.0,259.8876249923274
6399767.0,264.1343265663537
6401982.0,265.17414313622004
6404286.0,261.6765261032426
6406976.0,188.74082699482327
